number	number_sup	trip	trip_sup	invoice	chamber 
5102		2		268964	A
5103		2		164562	Z
5105		2		110370	A
5106		2		127181	D
5107		2		101522	A
5108		3		110370	A
5110		1		21160	A
5112		3		192449	R
5113		1		231099	A
5114		1		32449	Z
5115		1		88907	A
5116		2		39787	D
5117		1		207498	A
5118		1		189448	Z
5119		1		136414	H
5120		2		56526	H
5121		1		48766	E
5122		1		235346	A
5123		1		140348	E
5124		1		137398	Z
5125		1		145787	A
5127		1		300010	A
5128		2		60491	A
5129		1		143970	Z
5130		1		157705	Z
5131		2		249883	A
5132		3		461998	D
5133		2		87711	A
5134		1		195913	R
5135		2		123667	A
5136		1		218086	A
5137		3		37096	R
5138		2		214263	Z
5139		3		83309	
5140		1		95238	A
5141		2		118121	Z
5142		1		203256	H
5143		3		278968	A
5144		1		315137	A
5145		1		130191	H
5146		1		228100	E
5147		1		316067	A
5148		1		268324	Z
5149		1		62754	A
5150		1		275888	A
5151		3		283047	Z
5152		4		123943	Z
5153		1		151234	A
5154		1		106659	A
5155		2		211770	A
5156		1		245984	E
5157		1		129607	D
5158		4		263842	A
5159		3		130360	Z
5160		2		150933	R
5161		1		135859	D
5162		1		23499	A
5164		1		222852	D
5165		2		243588	A
5166		2		109311	Z
5167		2		199065	A
5168		2		253027	A
5169		2		264605	A
5170		2		266764	Z
5171		3		461545	A
5172		1		203729	A
5173		2		159502	A
5174		1		89443	E
5175		2		135043	H
5176		1		128150	H
5177		1		186076	A
5178		1		156885	A
5179		2		112225	D
5180		1		293422	R
5181		2		233323	E
5182		3		294093	A
5183		3		150737	Z
5184		3		433039	A
5185		1		288699	Z
5186		4		171174	Z
5187		2		177035	A
5188		2		337771	D
5189		1		431033	Z
5190		1		65350	H
5191		1		88622	R
5192		3		418677	A
5193		4		380953	A
5194		1		327961	A
5195		3		121607	R
5196		1		232676	A
5197		1		146753	Z
5198		1		147978	Z
5199		1		259802	A
5200		3		171387	A
5201		1		52060	E
5202		3		373482	D
5203		5		271031	A
5204		2		91111	H
5205		2		467899	Z
5206		4		299933	A
5207		4		277796	A
5208		2		298410	R
5209		1		348027	A
5210		1		113526	Z
5211		4		111047	A
5212		1		205971	A
5213		1		279041	A
5214		1		269212	E
5215		4		92296	A
5216		1		289881	Z
5217		1		259222	A
5218		3		252739	Z
5219		3		70239	H
5220		2		196848	A
5221		1		223057	A
5222		1		247537	A
5223		1		561391	A
5224		2		547961	Z
5225		1		347906	Z
5226		5		198880	A
5227		1		165011	H
5228		3		166064	R
5229		2		295406	A
5230		1		210352	A
5231		1		477791	A
5232		1		194400	D
5233		2		232855	E
5234		3		267379	A
5235		2		378578	A
5236		2		395947	Z
5237		1		310569	A
5238		2		167543	Z
5239		2		190098	A
5240		2		272894	A
5241		3		292758	A
5242		1		401775	Z
5243		1		688078	A
5244		1		204434	D
5245		2		159826	A
5247		2		140193	H
5248		1		136414	R
5249		4		154234	A
5250		3		210975	A
5251		4		524355	Z
5252		2		385414	A
5253		2		345335	A
5254		3		269738	E
5255		4		313514	A
5256		2		155035	Z
5257		3		422127	A
5258		1		123756	E
5259		2		566833	Z
5260		1		476862	A
5261		1		25445	A
5262		2		168441	D
5263		7		178926	H
5264		5		206237	A
5265		4		323019	A
5266		3		270731	Z
5267		3		268266	A
5268		5		655127	Z
5269		1		208783	Z
5270		4		637484	A
5271		3		493332	A
5272		2		416131	R
5273		1		117930	A
5274		3		285640	Z
5275		2		264987	A
5276		4		346599	A
5277		2		325340	E
5278		1		206247	A
5279		1		394217	Z
5280		1		227600	H
5281		1		347977	A
5282		5		302174	A
5283		2		436685	D
5284		6		174528	Z
5285		1		81038	A
5286		3		401184	A
5287		6		364572	Z
5288		4		296193	E
5289		4		388516	Z
5290		1		360084	A
5292		1		98572	H
5293		2		357101	A
5294		3		152701	R
5295		1		69679	A
5296		2		409371	H
5297		1		620646	A
5298		1		352470	Z
5299		1		625158	A
5300		4		513061	Z
5301		1		115265	A
5302		1		358775	A
5303		5		247803	A
5304		6		242615	A
5305		3		241073	E
5306		2		403372	Z
5307		3		259072	D
5308		5		255005	Z
5309		1		338489	A
5310		1		493015	A
5311		1		474010	H
5312		7		218872	A
5313		6		295388	A
5314		1		249587	R
5315		3		330928	H
5316		2		356484	Z
5317		2		314046	A
5318		2		253657	A
5319		1		410458	Z
5320		2		147346	A
5321		5		257747	E
5322		1		372058	D
5323		1		361724	A
5324		2		337387	A
5325		1		575982	Z
5326		5		301657	Z
5327		4		298915	A
5328		3		633403	A
5329		1		40680	A
5330		4		226630	E
5331		3		133820	Z
5332		2		307570	R
5333		2		348219	A
5334		2		242850	A
5335		3		343126	A
5336		2		289926	H
5337		2		468996	Z
5338		7		168474	A
5339		4		173705	H
5340		6		146325	E
5341		2		242090	A
5342		3		306554	Z
5343		3		211434	A
5344		3		274375	A
5345		6		218335	Z
5346		4		183018	A
5347		3		209497	A
5348		1		185700	D
5349		2		239630	D
5350		5		146919	E
5351		4		137472	Z
5352		1		108812	Z
5353		2		266955	Z
5382		5		266954	Z
5383		5		258982	A
5384		4		252440	Z
5385		8		257232	R
5386		3		233505	D
5387		6		189903	E
5388		4		246008	H
5390		6		158429	Z
5391		1		203443	A
5392		5		267613	R
5393		5		287629	A
5394		4		237254	A
5395		1		305780	Z
5396		6		225960	H
5397		1		156747	A
5398		2		200622	A
5399		4		327499	Z
5400		5		291160	A
5401		5		373529	A
5402		1		426930	A
5403		3		371599	A
5404		6		275709	A
5405		5		334602	Z
5406		7		344879	E
5407		6		403099	A
5408		6		444704	A
5409		1		117081	H
5410		2		141843	A
5411		1		133278	D
5412		5		259932	Z
5413		1		282549	A
5414		6		299590	A
5415		6		231029	R
5416		2		305127	Z
5417		1		100588	E
5418		1		85798	A
5421		7		305601	H
5422		1		241497	A
5423		1		288282	D
5424		1		274114	A
5425		7		274586	Z
5426		2		421417	A
5427		2		240626	Z
5428		4		182545	A
5429		1		149477	Z
5430		1		86266	A
5431		1		238715	E
5432		6		254955	A
5433		2		151042	D
5434		7		263983	Z
5435		7		222836	A
5436		6		217000	Z
5437		8		235881	A
5438		7		317939	A
5439		6		493579	A
5440		7		315986	R
5441		1		229230	A
5442		1		274061	A
5443		2		166722	D
5444		1		240722	A
5445		6		190414	H
5446		3		301721	Z
5447		1		767178	A
5448		2		222980	Z
5449		8		306980	Z
5450		1		323848	R
5451		1		191940	R
5452		1		146872	D
5453		2		466158	E
5454		7		258198	A
5455		7		348790	Z
5456		3		407049	A
5457		9		361517	H
5458		5		302194	A
5459		1		175078	A
5460		7		345477	Z
5461		2		283462	A
5462		2		233025	A
5463		8		221572	E
5464		3		202700	D
5465		8		232134	Z
5466		1		117854	Z
5467		8		213762	H
5468		1		142837	R
5469		1		54670	A
5471		2		276427	E
5472		3		221080	D
5473		2		696375	A
5474		2		247720	R
5475		4		308208	A
5476		6		370317	A
5477		7		264336	H
5478		4		493167	Z
5479		1		198502	Z
5480		1		27719	A
5481		1		91409	A
5482		3		325980	A
5483		3		353729	A
5484		8		291879	A
5485		1		169188	R
5486		1		213007	H
5487		8		283223	Z
5488		8		278431	Z
5489		1		68536	A
5490		1		149818	A
5491		3		475060	A
5492		3		520566	A
5493		3		439431	E
5494		1		501844	A
5495		4		371968	D
5496		7		406556	Z
5497		5		412482	Z
5498		1		83319	A
5499		1		143203	A
5500		1		62881	A
5501		4		448518	A
5502		4		486708	A
5503		3		333980	R
5504		1		221880	A
5505		5		429012	A
5506		1		400719	H
5507		1		442481	Z
5508		9		387072	Z
5509		1		2300	A
5510		1		81761	A
5511		1		92769	A
5512		2		182731	Z
5513		4		255106	D
5514		1		256151	A
5515		2		371244	A
5516		2		222838	E
5517		9		340496	Z
5518		1		248214	A
5519		2		156240	Z
5520		1		254559	A
5521		1		64899	A
5522		1		74045	A
5523		1		282780	A
5524		1		296773	A
5525		1		272087	Z
5526		4		386123	R
5527		1		300465	A
5528		1		293688	A
5529		2		300246	Z
5530		5		297326	A
5531		2		438408	H
5532		2		346965	Z
5533		1		288401	A
5534		1		67973	A
5535		1		77252	A
5536		2		206354	Z
5537		2		388946	A
5538		1		110760	Z
5539		1		72499	E
5540		2		138867	A
5541		1		88721	D
5542		2		118033	A
5543		1		123270	H
5544		1		126912	Z
5545		1		212664	A
5546		5		381120	A
5547		5		367680	A
5548		1		266546	R
5549		1		116032	A
5550		1		195538	D
5551		1		262570	E
5552		1		327501	Z
5553		3		363373	Z
5554		1		375847	A
5555		1		133015	A
5556		2		156287	A
5557		1		127026	E
5558		5		209944	D
5559		1		292165	A
5560		1		207691	Z
5561		1		174176	Z
5562		1		403209	A
5563		1		196998	Z
5564		1		155960	A
5565		3		268129	H
5566		1		428344	A
5567		2		170219	R
5568		2		48336	A
5569		3		131792	A
5570		1		52391	A
5571		1		143354	E
5572		1		165037	A
5573		1		205520	R
5574		1		150632	Z
5575		1		211398	A
5576		1		218139	D
5577		2		154162	Z
5578		2		351202	A
5579		1		209842	A
5580		1		362274	A
5581		2		373452	Z
5582		1		301135	A
5583		1		143354	H
5584		2		179196	A
5585		2		203208	A
5586		2		242397	A
5587		1		157523	A
5588		2		13924	Z
5589		1		97796	A
5590		6		265612	A
5591		1		213638	D
5592		1		179370	Z
5593		1		277686	A
5594		2		228865	E
5595		2		191261	Z
5596		4		281732	H
5597		1		284697	A
5598		2		388958	A
5599		1		242014	Z
5600		1		471912	A
5601		2		312625	R
5602		1		408196	A
5603		1		393098	Z
5604		1		207395	E
5605		1		249916	A
5606		2		228155	Z
5607		1		92349	A
5608		1		106671	A
5609		6		374169	R
5610		1		207625	E
5611		2		281920	A
5612		3		248481	H
5613		3		369097	Z
5614		2		377812	A
5615		1		372660	Z
5616		2		298489	D
5617		2		425129	A
5618		1		190246	E
5619		2		274151	Z
5620		2		405686	A
5621		3		374652	A
5622		2		407153	Z
5623		1		188139	A
5624		1		104406	A
5625		1		138285	A
5626		1		148315	A
5627		2		308393	D
5628		2		244587	Z
5629		3		395577	E
5630		2		366601	A
5631		2		373661	R
5632		2		392921	A
5633		1		365615	Z
5634		2		330506	A
5635		2		253778	H
5636		2		325845	Z
5637		1		27143	Z
5638		3		217055	A
5639		1		170848	Z
5640		1		118007	A
5641		1		133460	A
5642		2		374475	A
5643		1		213744	H
5644		2		263014	E
5645		1		256424	D
5646		1		268643	R
5647		3		302855	Z
5648		1		9162	A
5651		2		126099	R
5652		2		183534	E
5653		1		135168	D
5654		2		332918	A
5655		4		252345	Z
5656		2		127951	H
5657		3		273945	A
5658		2		283226	Z
5659		1		20829	A
5660		3		216087	R
5661		1		353214	A
5662		5		235974	H
5663		2		295332	Z
5664		3		293529	A
5665		3		258232	E
5666		3		210177	D
5667		1		14365	A
5668		3		159664	Z
5669		1		162973	A
5670		1		345644	A
5671		1		366032	A
5672		1		300599	E
5673		3		337695	Z
5675		1		94656	Z
5676		1		327262	R
5677		1		307598	H
5678		1		437248	Z
5679		1		125499	A
5680		1		225831	E
5681		1		319972	Z
5682		1		280655	D
5683		3		399280	A
5685		1		425982	A
5686		3		550326	A
5687		3		97915	A
5688		3		103407	Z
5689		1		169836	Z
5690		1		193085	A
5691		3		167360	A
5692		2		211170	H
5693		3		206847	D
5694		1		377739	A
5695		1		222754	R
5696		3		417081	A
5697		3		351955	Z
5698		4		477332	A
5699		3		191788	E
5700		3		344024	Z
5701		4		112025	Z
5702		1		85736	A
5703		2		302228	A
5704		1		66660	A
5705		1		94568	E
5706		1		113528	H
5707		2		301339	A
5708		1		342864	Z
5709		1		257494	A
5710		4		331457	A
5711		4		272708	A
5712		4		355182	Z
5713		2		137377	Z
5714		4		184178	A
5715		1		104987	E
5716		1		70019	D
5717		1		102134	Z
5718		2		4076	A
5719		3		196095	Z
5720		2		286367	A
5721		2		587485	A
5722		2		542864	A
5723		2		337619	R
5724		2		455873	Z
5725		1		318962	A
5726		2		422228	D
5727		2		251738	H
5728		2		12043	A
5729		1		238739	D
5729		1		235436	E
5730		1		50133	A
5732		1		379979	A
5733		3		169540	E
5733		3		203831	H
5734		2		638350	A
5735		1		210368	D
5735		1		163118	R
5736		1		317891	Z
5737		4		335877	Z
5738		2		191426	A
5739		1		170754	Z
5740		1		15286	D
5740		1		15824	R
5740		1		207268	Z
5741		4		316932	A
5742		3		472276	A
5743		1		487580	A
5744		4		425315	Z
5745		4		424629	Z
5746		2		245825	H
5746		2		242970	E
5747		2		280454	R
5747		2		279375	D
5747		2		41289	Z
5748		2		514745	A
5749		3		187501	Z
5750		4		260850	A
5751		1		118219	H
5751		1		118622	E
5751		1		166960	A
5752		5		438745	A
5753		2		26780	R
5753		2		26710	D
5753		2		152254	Z
5754		1		199792	A
5755		3		6575	H
5755		3		62181	E
5755		3		458871	A
5756		3		9354	A
5757		2		53611	H
5757		2		371726	A
5758		5		21261	R
5758		5		1304	A
5758		5		452929	Z
5758		5		81367	D
5759		5		717	A
5759		5		71052	D
5759		5		131696	R
5759		5		280449	Z
5760		1		397164	A
5761		2		469730	A
5762		1		117920	A
5764		2		580984	A
5765		4		550297	Z
5766		1		109129	A
5766		1		114384	Z
5767		1		123088	H
5767		1		57799	E
5768		4		621000	A
5769		3		570286	A
5770		1		594590	A
5771		2		178405	E
5771		2		233308	H
5772		1		92885	Z
5773		2		186817	R
5773		2		243603	D
5774		5		7461	H
5774		5		645273	Z
5776		1		190760	A
5777		1		63472	E
5777		1		138634	A
5778		1		186452	Z
5779		1		89718	R
5780		3		346247	A
5781		5		20748	E
5781		5		122015	Z
5781		5		20749	R
5781		5		20749	D
5781		5		20748	H
5781		5		127232	A
5782		4		540999	Z
5783		4		479282	A
5784		6		422870	Z
5785		3		167057	D
5785		3		227551	R
5786		5		230989	E
5786		5		163367	H
5787		1		579259	A
5788		6		458912	A
5789		1		295918	A
5791		1		297075	A
5792		1		10236	A
5792		1		353917	H
5793		3		383463	E
5793		3		51489	A
5794		1		670576	A
5795		1		323155	D
5795		1		15250	R
5795		1		35	A
5796		6		609540	Z
5797		2		420050	A
5798		2		202883	Z
5799		3		322404	A
5800		1		110981	A
5801		1		192501	R
5802		1		98807	A
5803		1		115117	Z
5804		1		16251	A
5805		3		482041	A
5806		1		633149	A
5807		3		386281	R
5808		5		610377	Z
5809		2		673996	A
5810		3		349337	D
5811		2		372570	H
5812		2		454402	A
5813		1		382737	E
5814		1		255036	Z
5815		2		45893	A
5816		1		415830	A
5817		1		220792	Z
5818		2		142795	Z
5819		1		143409	A
5820		5		564679	A
5821		2		350272	R
5822		2		256809	H
5823		1		418084	A
5824		1		515385	Z
5825		1		312706	Z
5826		1		329497	A
5827		1		133397	E
5828		1		662950	A
5829		2		285671	A
5830		2		393392	A
5831		4		538699	Z
5832		1		354706	D
5832		1		102127	Z
5833		1		190659	A
5834		1		168527	A
5835		1		243016	Z
5836		1		238136	D
5837		3		408201	A
5838		1		413922	A
5839		1		308074	Z
5840		2		235925	R
5841		2		364441	A
5842		1		315634	E
5843		4		339926	Z
5844		3		225200	A
5844		3		95806	Z
5845		4		9738	R
5845		4		266649	H
5845		4		9738	D
5846		1		428485	A
5847		1		215192	A
5848		1		184994	A
5849		4		165842	A
5850		3		108139	H
5851		2		158049	Z
5852		1		116112	E
5853		2		108528	R
5854		2		105178	D
5855		3		329494	Z
5856		1		328550	A
5857		2		376120	A
5858		1		275812	A
5859		2		270810	A
5860		1		258040	Z
5861		1		175386	Z
5862		2		164445	A
5863		2		102391	E
5865		1		131368	R
5866		1		317734	A
5867		1		112502	H
5868		2		105948	A
5869		4		135152	E
5870		5		201270	Z
5871		2		141744	D
5872		3		10650	A
5873		6		484112	Z
5874		4		495689	A
5875		1		481477	A
5877		1		184201	Z
5878		1		332276	A
5879		1		154124	R
5880		1		79134	A
5880		1		210945	H
5881		2		180345	E
5882		3		156909	D
5884		1		21752	A
5885		1		506579	A
5886		1		765054	A
5887		3		441187	A
5888		1		203396	A
5889		4		277917	Z
5890		4		95953	D
5891		2		93759	R
5894		3		163907	Z
5895		4		201057	E
5896		1		172992	D
5897		1		145077	R
5898		2		201787	H
5899		3		243773	A
5900		1		858260	A
5901		1		608895	A
5902		3		548442	A
5903		2		875460	Z
5905		2		137743	R
5906		1		168128	E
5907		2		265672	A
5908		4		156532	R
5909		1		227894	Z
5910		3		137363	D
5911		3		562488	A
5912		2		3268	A
5912		2		157236	H
5913		1		190311	D
5914		2		154693	E
5915		2		143098	R
5916		1		174323	H
5917		1		419145	A
5918		3		492822	Z
5919		3		315560	A
5920		3		276077	A
5921		3		52014	A
5922		4		380814	A
5923		1		240279	R
5924		1		230773	H
5925		1		303309	Z
5926		2		242049	D
5927		1		193654	E
5928		2		168700	Z
5929		2		299113	A
5930		1		155757	A
5931		1		177977	H
5932		1		243002	A
5933		3		159318	Z
5934		2		3229	A
5934		2		337508	H
5935		1		549047	A
5936		1		3226	A
5936		1		384864	D
5937		1		3226	A
5937		1		377457	E
5938		1		375435	Z
5939		1		363799	R
5939		1		3226	A
5940		3		548580	Z
5941		1		548102	A
5942		2		5301	E
5942		2		269317	A
5943		2		2217	D
5943		2		2217	R
5943		2		249027	Z
5944		2		259871	A
5945		3		229509	Z
5945		3		2217	H
5945		3		2217	E
5946		1		259871	A
5947		1		205086	Z
5948		1		201671	A
5949		1		76009	A
5950		2		222581	D
5951		1		243038	R
5952		4		353072	Z
5953		1		500152	A
5954		3		230459	H
5955		1		269436	A
5956		2		501660	Z
5957		2		436072	A
5958		1		230443	E
5959		2		438592	A
5960		1		30718	Z
5962		5		383564	Z
5963		1		206524	H
5964		2		209662	D
5965		1		218010	R
5966		1		332299	Z
5967		1		482372	A
5968		2		460014	A
5969		2		303502	A
5970		3		331830	A
5971		1		315194	Z
5972		2		354119	A
5973		2		229601	E
5974		1		385591	A
5975		4		372692	A
5976		1		215917	Z
5977		4		280205	Z
5978		2		190552	A
5979		3		119443	Z
5980		1		31429	A
5981		1		273623	D
5982		1		369301	Z
5983		1		399848	Z
5984		1		492095	A
5985		2		280528	R
5986		2		458616	A
5987		1		243578	H
5987	A	2		238106	E
5988		4		541235	A
5989		2		191002	E
5991		3		204227	A
5992		2		272746	Z
5993		2		349733	A
5994		2		303309	Z
5995		1		103993	Z
5996		3		197903	A
5997		1		102479	A
5998		3		246416	A
5999		1		99024	Z
6000		2		296996	A
6001		2		244762	E
6001		2		18360	A
6002		2		232112	H
6002		2		18360	A
6003		2		420963	A
6004		2		8160	Z
6004		2		9180	A
6004		2		269894	D
6005		1		395157	A
6006		2		290168	Z
6007		3		283712	R
6007		3		9180	A
6007		3		8160	Z
6008		3		316514	Z
6009		2		152844	E
6010		1		197570	A
6011		1		494440	A
6012		4		244682	Z
6013		3		399298	Z
6014		4		308921	A
6015		4		517253	A
6016		1		118435	A
6018		1		297691	Z
6019		3		275683	Z
6020		2		230599	A
6021		3		158162	R
6021		3		14688	A
6022		3		302626	A
6023		4		177499	D
6023		4		14688	A
6024		5		444059	A
6025		4		14688	A
6025		4		172194	H
6026		3		439825	A
6027		2		208331	E
6027		2		14688	A
6028		2		510028	Z
6029		3		454720	A
6030		2		346652	A
6031		2		337913	A
6032		1		198329	A
6032		1		5686	E
6032		1		3641	H
6033		2		121384	R
6033		2		155424	D
6034		3		233251	H
6035		2		2483	A
6035		2		2686	D
6035		2		5823	R
6035		2		155297	Z
6037		3		528396	A
6038		3		545998	Z
6039		1		320669	E
6040		1		158721	A
6041		2		319666	Z
6042		2		305820	R
6043		1		153126	Z
6044		1		439974	A
6045		3		310440	H
6046		2		444110	A
6047		1		290520	D
6048		3		350103	A
6050		2		324569	Z
6051		1		339206	A
6052		3		333965	A
6053		3		405021	A
6054		2		736	Z
6054		2		104924	R
6054		2		123636	D
6055		1		1491	A
6055		1		87049	H
6055		1		93679	E
6056		1		4271	D
6056		1		4922	R
6056		1		8531	H
6056		1		8800	E
6056		1		197120	A
6057		1		88250	Z
6058		4		322882	R
6059		3		420081	E
6060		4		332869	A
6061		3		4906	R
6061		3		366223	Z
6062		3		386850	Z
6063		1		307620	H
6064		4		360107	A
6065		3		328335	A
6066		1		532466	A
6067		5		419407	D
6067		5		2307	R
6068		2		295213	Z
6069		5		174190	A
6070		2		135084	Z
6071		5		259581	A
6072		2		394801	A
6073		3		363445	A
6074		1		248789	H
6075		2		1989	R
6075		2		375463	Z
6076		1		293664	A
6077		1		215727	Z
6078		2		1653	H
6078		2		4983	E
6078		2		5203	R
6078		2		5363	D
6078		2		175767	A
6079		3		380207	Z
6080		4		344345	E
6081		3		404954	R
6082		2		597438	A
6083		4		402625	A
6084		2		292170	H
6085		4		607176	Z
6086		4		355093	D
6087		4		412996	A
6088		4		353907	A
6089		6		577716	A
6090		2		162642	Z
6091		2		359144	A
6092		3		242348	Z
6093		2		192670	A
6094		1		23553	A
6094		1		127193	H
6095		3		129397	E
6095		3		42503	A
6096		1		137176	R
6096		1		22048	Z
6096		1		10217	D
6097		1		199840	Z
6098		3		280841	D
6099		2		205670	A
6100		2		198787	E
6101		3		309623	A
6102		4		294885	Z
6103		3		395389	A
6104		1		302131	Z
6105		2		411469	A
6106		4		314187	R
6107		2		242131	Z
6108		5		208029	A
6109		1		181051	Z
6110		1		196017	A
6111		3		327086	A
6112		2		231219	H
6113		5		174745	Z
6114		4		802	R
6114		4		805	D
6114		4		237135	A
6115		3		94089	E
6115		3		202534	H
6116		2		240785	A
6117		2		72540	Z
6117		2		60374	A
6118		3		230083	Z
6119		4		237620	Z
6120		3		178091	Z
6121		3		250786	A
6122		2		170889	H
6123		1		349050	A
6123		1		48396	H
6124		1		32033	E
6124		1		361453	A
6125		4		35625	Z
6125		4		261073	D
6126		1		229310	R
6126		1		119681	Z
6127		4		288745	A
6128		3		252296	Z
6129		1		273216	A
6130		4		265711	Z
6131		2		270101	A
6132		1		256747	A
6133		5		352551	A
6134		1		72612	A
6134		1		15716	Z
6134		1		6985	H
6134		1		6789	R
6134		1		6666	D
6134		1		7287	E
6135		1		7984	Z
6135		1		15896	A
6136		4		230825	R
6137		2		194845	H
6138		3		203517	D
6139		2		305952	Z
6140		1		382204	Z
6141		1		307539	A
6142		5		307859	A
6143		4		407957	A
6144		3		421000	A
6145		1		424128	A
6146		1		391336	A
6147		4		348456	Z
6148		2		202121	E
6149		2		689	E
6149		2		193684	H
6150		4		886	Z
6150		4		230712	D
6150		4		677	R
6151		3		23877	Z
6151		3		5784	R
6151		3		5763	E
6151		3		120432	A
6152		1		6671	A
6153		2		255260	H
6154		1		354061	Z
6155		5		269994	R
6156		4		281752	E
6157		3		501162	A
6158		1		222792	D
6159		2		355282	A
6160		1		221789	A
6161		1		422831	A
6162		1		419931	A
6163		1		372686	Z
6164		2		197567	Z
6165		1		601	H
6165		1		755	A
6165		1		102311	E
6166		1		601	D
6166		1		601	Z
6166		1		108245	R
6167		1		5588	D
6167		1		5648	H
6167		1		41835	A
6167		1		108929	Z
6168		5		274790	D
6169		2		219527	A
6170		3		234829	H
6171		1		477485	A
6172		2		251690	Z
6173		1		370670	A
6174		5		422648	Z
6175		5		273316	R
6176		1		200304	E
6177		4		189866	A
6178		1		4872	A
6178		1		230997	Z
6179		2		372754	Z
6179		2		4872	A
6180		6		422021	A
6181		3		273729	A
6182		2		275173	A
6183		3		594	D
6183		3		594	Z
6183		3		300302	A
6183		3		594	R
6184		1		594	H
6184		1		205107	E
6185		1		43313	A
6185		1		9158	D
6185		1		10063	H
6185		1		29333	Z
6185		1		120534	R
6187		1		242042	H
6188		1		341983	A
6189		1		431605	Z
6190		1		361092	A
6191		4		284954	A
6192		2		229486	R
6193		1		297282	D
6194		3		228491	E
6195		3		311008	Z
6196		1		78069	Z
6196		1		278620	A
6197		1		5530	A
6197		1		185516	Z
6198		1		269748	A
6199		5		17296	A
6199		5		381860	Z
6200		4		550962	A
6201		2		339782	A
6202		1		595	R
6202		1		595	D
6202		1		233051	Z
6203		1		595	E
6203		1		748	A
6203		1		165517	H
6204		2		6731	E
6204		2		7085	H
6204		2		7246	R
6204		2		7646	D
6204		2		29811	Z
6204		2		182530	A
6209		1		190757	E
6210		6		232554	R
6211		3		219146	D
6212		4		378745	A
6213		2		26763	A
6214		1		304826	Z
6215		1		400499	A
6216		2		335299	Z
6217		6		265177	A
6218		1		325230	A
6219		5		295685	H
6220		2		271876	Z
6221		3		285296	A
6222		1		248984	A
6223		5		336505	A
6224		2		215959	A
6224		2		107955	Z
6225		2		334937	Z
6226		2		328852	A
6227		3		375	R
6227		3		375	D
6227		3		375	Z
6227		3		236787	A
6228		1		375	H
6228		1		197945	E
6229		1		5688	E
6229		1		5550	H
6229		1		5610	R
6229		1		5561	D
6229		1		24196	Z
6229		1		145114	A
6230		1		6552	E
6230		1		6551	H
6230		1		6720	R
6230		1		6754	D
6230		1		24692	Z
6230		1		174015	A
6231		1		187302	A
6232		1		40256	E
6233		2		441847	A
6234		4		207320	E
6235		2		360840	Z
6236		2		253023	H
6237		1		417112	A
6238		1		340347	A
6239		6		320238	Z
6240		1		266107	R
6241		2		246273	D
6242		1		316205	A
6243		1		277675	A
6243		1		8575	H
6244		3		4531	Z
6244		3		296846	A
6245		2		217082	A
6246		1		313212	Z
6247		3		198581	Z
6248		1		681	H
6248		1		184974	E
6249		2		375	R
6249		2		431	Z
6249		2		258185	D
6251		1		495687	Z
6252		4		272972	A
6253		1		234292	E
6254		3		274561	D
6255		3		46513	E
6256		2		323695	R
6257		1		244937	H
6258		2		235595	Z
6259		6		532042	A
6260		5		539454	A
6261		1		280204	A
6262		4		410618	A
6263		2		224241	Z
6264		2		401574	A
6265		3		234477	Z
6266		1		240981	A
6267		2		242209	A
6268		3		235737	Z
6269		3		376	H
6269		3		376	E
6269		3		376	A
6269		3		222067	R
6269		3		376	D
6270		3		227623	Z
6271		1		136518	A
6271		1		6948	D
6271		1		6797	R
6271		1		6871	H
6271		1		6903	E
6271		1		27176	Z
6273		3		501588	A
6274		2		304552	D
6275		7		371885	A
6276		1		266827	A
6277		2		261824	E
6278		1		64750	E
6279		2		316634	R
6280		2		444827	Z
6281		1		277240	H
6282		2		290373	A
6282		2		8550	E
6283		1		175281	A
6284		1		153862	Z
6284		1		8550	R
6285		2		8652	D
6285		2		254141	Z
6286		1		691	A
6286		1		241382	H
6286		1		377	E
6287		4		243248	Z
6287		4		377	D
6287		4		377	R
6288		1		7479	E
6288		1		7158	H
6288		1		7382	R
6288		1		7331	D
6288		1		28472	Z
6288		1		147619	A
6289		2		203195	Z
6290		4		181566	H
6291		2		243277	A
6292		2		177287	E
6293		3		182628	R
6294		3		242090	D
6295		4		243272	Z
6296		2		174877	E
6297		2		226055	A
6298		2		204159	A
6299		1		324454	Z
6300		2		385123	A
6301		5		308204	A
6302		3		402294	A
6303		2		212492	A
6304		2		196942	Z
6305		2		272890	Z
6306		2		385392	A
6307		1		377	Z
6307		1		158018	D
6307		1		377	R
6308		6		377	H
6308		6		377	E
6308		6		220143	A
6309		2		10140	E
6309		2		10367	H
6309		2		10534	R
6309		2		10518	D
6309		2		30844	Z
6309		2		170525	A
6310		4		430394	A
6311		3		224369	E
6312		6		409760	A
6313		2		409993	A
6314		4		310441	H
6315		1		372113	A
6316		2		235114	E
6317		8		366581	A
6318		5		223228	H
6319		1		272850	R
6320		2		297773	A
6320		6		303184	D
6321		2		405016	Z
6322		3		372114	A
6323		2		272850	R
6324		1		119485	D
6325		5		280108	R
6326		3		401340	Z
6327		3		307825	A
6328		3		297331	Z
6329		2		194057	Z
6331		4		190453	Z
6332		3		304834	A
6333		1		357406	A
6334		2		189423	E
6335		3		204653	A
6336		3		6430	D
6336		3		6506	R
6336		3		6772	H
6336		3		6777	E
6336		3		25441	Z
6336		3		129151	A
6337		4		68681	A
6338		2		53094	Z
6339		3		143236	Z
6340		3		165601	E
6341		1		164176	R
6342		2		37127	A
6343		1		532853	A
6344		1		433905	Z
6345		3		386048	A
6346		3		172173	H
6347		2		308696	Z
6348		3		196005	D
6349		1		439334	A
6350		4		193702	H
6351		3		235350	A
6352		3		273600	R
6353		3		156931	E
6354		3		282715	D
6355		3		291334	A
6356		3		285591	Z
6357		1		174245	A
6358		1		257234	A
6359		2		86723	A
6360		2		279492	A
6361		4		241727	A
6361		4		108708	Z
6362		5		234351	Z
6362		5		376	R
6362		5		376	D
6363		1		376	E
6363		1		376	H
6363		1		242853	A
6364		2		5470	R
6364		2		5594	D
6364		2		20012	Z
6364		2		162773	A
6364		2		5569	E
6364		2		5532	H
6365		1		72184	R
6366		5		176611	H
6367		3		183688	D
6368		1		482453	A
6369		4		351539	A
6370		4		267794	R
6371		3		147147	E
6372		1		321417	A
6373		1		167404	R
6374		1		54277	A
6375		2		314274	Z
6377		3		415753	Z
6378		6		259158	H
6379		3		165247	E
6380		1		66836	Z
6381		7		453250	A
6382		6		237125	D
6383		4		407223	Z
6384		1		132677	Z
6384		1		259057	A
6385		3		280814	A
6386		2		14129	A
6386		2		226211	Z
6387		1		302289	A
6388		1		151427	Z
6389		2		176652	A
6390		1		376	Z
6390		1		376	A
6390		1		221285	E
6391		1		376	R
6391		1		376	D
6391		1		176154	H
6392		1		77121	A
6393		1		6751	E
6393		1		6628	H
6393		1		6582	R
6393		1		6678	D
6393		1		26751	Z
6393		1		101659	A
6394		4		462000	A
6395		1		567703	A
6396		1		228737	Z
6397		3		387003	Z
6398		2		389327	Z
6399		2		207043	R
6400		1		259285	H
6401		3		256652	E
6402		1		265889	D
6403		2		242740	A
6404		1		237831	A
6405		2		53170	A
6406		4		455352	A
6407		4		270812	A
6408		2		505635	A
6409		1		186027	Z
6410		3		158811	A
6411		3		222991	A
6412		5		163914	A
6413		2		280489	A
6414		4		229869	Z
6415		1		377	D
6415		1		377	Z
6415		1		257708	R
6416		3		377	E
6416		3		377	H
6416		3		254332	A
6417		3		6937	E
6417		3		6875	H
6417		3		6956	R
6417		3		7021	D
6417		3		27440	Z
6417		3		151265	A
6418		4		209941	D
6419		4		393453	A
6420		3		157599	H
6421		2		353733	A
6422		2		474072	A
6423		3		153633	E
6424		3		273786	Z
6425		1		590644	A
6426		5		202155	A
6427		4		289947	A
6428		1		708122	A
6429		2		208208	A
6430		2		173497	D
6431		3		350128	A
6432		3		302023	R
6433		1		511879	Z
6434		2		175766	E
6435		2		9135	E
6435		2		251800	A
6436		5		3654	A
6436		5		9135	R
6436		5		199518	Z
6437		2		9135	H
6437		2		283313	A
6438		4		179436	A
6439		3		9140	D
6439		3		155678	Z
6440		2		65899	R
6441		1		64379	A
6442		5		377	D
6442		5		377	Z
6442		5		248740	R
6443		2		76919	A
6444		1		377	E
6444		1		377	H
6444		1		259139	A
6445		4		175555	H
6446		2		61974	A
6447		3		8216	E
6447		3		8310	H
6447		3		8323	R
6447		3		155489	A
6448		1		659875	A
6449		2		88921	A
6450		1		97484	A
6451		4		126484	Z
6451		4		392	A
6452		2		84434	A
6453		1		199507	A
6453		1		415501	Z
6454		1		592574	A
6455		4		150942	E
6456		1		308156	D
6457		6		144536	H
6458		1		264524	A
6459		5		338191	A
6460		3		438049	Z
6461		4		258847	R
6462		2		57329	Z
6463		5		173819	H
6464		1		152903	E
6465		3		542933	A
6466		5		474675	Z
6467		1		251153	E
6468		1		341904	A
6469		4		341406	A
6470		1		252295	H
6471		2		338396	D
6472		2		73985	Z
6473		1		12877	E
6473		1		12944	H
6473		1		12991	R
6473		1		13069	D
6473		1		52029	Z
6473		1		140049	A
6474		3		80322	R
6475		2		103241	A
6476		1		11356	H
6476		1		77880	E
6477		1		106247	A
6478		1		104367	Z
6479		1		82773	D
6480		3		155347	A
6481		4		10718	A
6481		4		262677	Z
6482		2		698751	A
6483		4		255853	A
6484		2		439765	Z
6484		2		223183	A
6485		1		261211	A
6486		2		151512	Z
6487		6		509730	A
6488		3		508237	A
6489		4		276316	E
6490		3		208492	R
6491		1		518295	A
6492		1		74015	Z
6493		5		517267	A
6494		2		347039	D
6495		2		521852	A
6496		2		321741	H
6497		2		187337	R
6498		5		368007	Z
6499		1		341415	Z
6500		2		519052	Z
6501		1		272870	H
6502		3		75961	A
6503		3		261956	E
6504		1		345445	A
6505		3		342889	Z
6506		1		377	D
6506		1		289675	R
6507		1		20534	E
6507		1		20940	H
6507		1		20826	R
6507		1		83049	Z
6507		1		21012	D
6507		1		236320	A
6508		1		449504	A
6509		1		32800	E
6509		1		32895	H
6509		1		33121	R
6509		1		32769	D
6509		1		159377	Z
6510		4		317691	Z
6511		1		288328	A
6512		4		242314	A
6513		5		368388	Z
6514		1		658516	A
6515		5		250062	A
6516		2		435371	Z
6517		6		163813	Z
6518		3		116190	Z
6519		5		131714	A
6520		2		12090	Z
6520		2		142290	A
6521		2		453293	A
6522		1		273029	H
6523		2		331341	A
6524		2		279450	D
6525		1		279558	D
6526		1		266651	E
6527		6		346618	A
6528		5		265095	H
6529		3		69541	A
6530		3		263208	E
6531		5		361728	Z
6532		6		309330	R
6533		4		429510	A
6534		1		380	R
6534		1		271129	D
6535		1		279774	Z
6536		2		98367	H
6536		2		179099	E
6537		5		277245	A
6538		3		98926	Z
6539		2		8218	D
6539		2		181978	A
6539		2		32962	Z
6539		2		8390	E
6539		2		8326	H
6539		2		8360	R
6540		1		28552	R
6540		1		28527	D
6540		1		137166	Z
6541		2		28494	E
6541		2		28438	H
6541		2		237436	A
6542		3		457880	Z
6542		3		195837	A
6543		2		707660	A
6544		3		215243	A
6545		1		320770	Z
6546		4		9296	Z
6546		4		172916	A
6547		1		6238	Z
6547		1		306158	A
6548		2		499645	Z
6549		7		509658	A
6550		5		352045	A
6551		2		209982	R
6552		2		216693	R
6553		4		536546	A
6554		1		205377	E
6555		3		205537	E
6556		2		365876	A
6557		2		534053	A
6558		2		202495	H
6559		3		248408	H
6560		4		493413	Z
6561		5		342281	D
6562		3		522706	A
6563		3		55103	A
6564		3		495165	Z
6565		1		335692	H
6565		1		380	E
6566		1		367380	A
6567		2		380	D
6567		2		294748	Z
6567		2		380	R
6568		1		262676	A
6569		1		9895	E
6569		1		9827	R
6569		1		9966	D
6569		1		39757	Z
6569		1		105423	A
6569		1		9949	H
6570		3		29743	D
6570		3		29743	R
6570		3		156759	Z
6571		2		226903	A
6572		3		256561	A
6572		3		29743	H
6572		3		29743	E
6573		3		96805	A
6573		3		10279	D
6573		3		10255	R
6573		3		10189	H
6573		3		10188	E
6574		2		136189	E
6575		1		406164	A
6576		2		133751	D
6577		4		151855	R
6578		2		180857	H
6579		4		267419	Z
6580		6		362312	A
6581		3		246999	Z
6582		4		130701	H
6583		5		387793	A
6584		1		41945	A
6585		4		223229	A
6586		1		252358	A
6586		1		13840	Z
6587		1		143633	Z
6588		1		125534	Z
6588		1		92172	A
6589		3		324371	A
6590		4		179790	R
6591		2		194526	E
6592		1		435310	Z
6593		3		265865	D
6594		1		576708	A
6595		2		398221	Z
6596		1		414	D
6596		1		368884	R
6597		1		422442	A
6598		2		623530	A
6599		4		414	H
6599		4		289667	E
6600		1		7644	R
6600		1		7627	E
6600		1		108653	A
6600		1		30242	Z
6600		1		7727	D
6600		1		7709	H
6601		2		261525	Z
6601		2		523050	A
6602		1		373657	A
6603		3		371854	Z
6604		2		123129	D
6605		1		381338	A
6606		3		96463	E
6606		3		126147	H
6607		1		76575	A
6607		1		18260	Z
6607		1		4599	D
6607		1		4595	R
6607		1		4576	H
6607		1		4471	E
6608		1		185732	Z
6609		4		175226	A
6610		2		207470	A
6611		2		241111	A
6612		3		450632	Z
6613		6		381071	A
6614		1		143373	Z
6614		1		26486	A
6615		1		327524	A
6616		2		450539	Z
6617		2		238031	H
6618		3		313563	Z
6619		2		166647	H
6620		4		169791	D
6621		4		177254	E
6622		3		314144	A
6623		1		155105	R
6624		1		233893	D
6625		3		438174	A
6626		3		170228	E
6627		2		209441	R
6628		4		441807	A
6629		1		491512	A
6630		1		107461	A
6631		1		590	R
6631		1		247052	D
6632		1		419559	A
6633		4		223229	A
6634		2		281301	H
6634		2		609	E
6635		1		449395	Z
6636		1		60728	Z
6636		1		14486	H
6636		1		14440	R
6636		1		14669	D
6636		1		14408	E
6636		1		99251	A
6637		6		172857	H
6637		6		345714	A
6638		4		387632	A
6639		3		84927	R
6639		3		113318	D
6640		2		92094	H
6640		2		116508	E
6641		4		365852	A
6642		6		340105	Z
6643		1		5446	R
6643		1		4820	E
6643		1		78093	A
6643		1		20717	Z
6643		1		5402	D
6643		1		4917	H
6644		1		188108	E
6645		4		361352	A
6646		1		224871	R
6647		7		462138	A
6648		2		478918	A
6649		1		227257	H
6649	A	2		255534	A
6650		4		79562	A
6651		4		472421	Z
6652		6		192640	D
6653		2		477984	Z
6654		2		165490	E
6655		3		183717	D
6656		5		147619	R
6657		2		152720	H
6658		2		241333	A
6659		1		187656	A
6660		5		145400	Z
6660		5		55553	A
6661		3		102920	Z
6661		3		12531	A
6662		5		481845	A
6663		1		397835	Z
6664		1		492776	A
6665		3		361942	E
6665		3		1469	A
6666		2		332573	A
6667		5		148638	A
6668		2		365987	R
6668		2		1318	D
6669		1		432394	Z
6670		1		90318	A
6670		1		9365	D
6670		1		9248	R
6670		1		10339	H
6670		1		10211	E
6670		1		36498	Z
6671		2		219932	E
6672		3		220162	D
6673		4		26859	R
6673		4		53012	D
6674		5		228042	R
6675		1		358394	A
6676		3		224199	H
6677		4		154729	A
6678		3		504522	A
6679		3		436417	Z
6680		3		25449	E
6680		3		55135	H
6681		1		256430	A
6682		6		455751	A
6683		1		296314	Z
6684		3		104484	Z
6685		4		282715	A
6685		4		141358	Z
6686		4		162129	Z
6686		4		39540	A
6687		2		7809	Z
6687		2		209160	A
6688		2		296314	A
6689		4		197756	A
6690		2		33158	A
6690		2		168607	Z
6691		2		354480	A
6692		1		44138	A
6693		1		289663	A
6694		4		116221	A
6694		4		8956	H
6694		4		8956	E
6695		2		8258	H
6695		2		78801	A
6695		2		8258	E
6696		3		7650	D
6696		3		121400	Z
6696		3		7650	R
6697		2		104019	R
6698		3		180469	H
6699		4		178751	D
6700		2		289974	Z
6701		2		75847	Z
6701		2		8058	D
6701		2		8058	R
6702		1		460404	A
6703		2		324836	D
6703		2		1245	R
6704		1		344709	H
6705		5		293397	A
6706		1		123317	A
6706		1		48286	Z
6706		1		12074	D
6706		1		12027	R
6706		1		12126	H
6706		1		11949	E
6707		2		188774	A
6707		2		94387	Z
6708		4		567225	Z
6709		3		561738	A
6710		3		75639	Z
6711		4		134260	Z
6712		3		196820	E
6713		5		178784	D
6714		2		48408	D
6714		2		66467	R
6715		8		191864	A
6716		3		227856	R
6717		5		538775	A
6718		5		177525	H
6719		3		48685	E
6719		3		35431	H
6720		4		360031	A
6721		3		139759	A
6722		3		301418	Z
6723		3		180909	A
6724		5		134016	A
6725		5		22739	A
6725		5		155435	Z
6726		2		185455	A
6727		3		106645	Z
6728		2		88906	A
6729		2		20399	Z
6730		1		325886	E
6731		3		1100	E
6731		3		10270	H
6731		3		385890	A
6732		3		906	R
6732		3		230099	D
6733		1		247534	Z
6734		1		2005	E
6734		1		1982	H
6734		1		1978	R
6734		1		1997	D
6734		1		7560	Z
6734		1		155055	A
6735		2		3047	A
6735		2		59821	D
6735		2		70952	R
6736		3		287085	H
6737		4		201788	D
6738		2		575887	A
6739		3		220914	R
6740		3		5342	A
6740		3		57933	H
6740		3		68062	E
6741		1		234422	E
6742		5		211351	Z
6743		2		316907	A
6744		7		286919	A
6745		3		399517	Z
6746		1		183473	A
6747		6		239150	A
6748		2		7165	A
6748		2		177851	Z
6749		1		192443	A
6750		2		94576	A
6751		2		131275	Z
6752		2		303282	A
6753		6		278137	Z
6754		2		34376	Z
6755		2		361882	A
6756		3		300894	E
6757		2		286772	R
6758		4		220488	Z
6759		3		4415	E
6759		3		4436	H
6759		3		4372	R
6759		3		4406	D
6759		3		13661	Z
6759		3		92207	A
6760		1		249236	A
6761		1		136598	A
6762		4		211079	A
6763		4		217100	E
6764		6		210367	R
6765		4		33210	A
6765		4		47351	E
6765		4		57208	H
6766		3		273272	D
6767		5		625985	A
6768		4		253438	H
6769		5		38575	Z
6769		5		47122	R
6769		5		57311	D
6770		4		375702	Z
6771		2		164546	Z
6772		4		123107	A
6773		1		328031	A
6774		6		329701	A
6775		1		36418	A
6776		4		193190	Z
6777		5		182320	A
6778		1		105621	Z
6779		3		12180	H
6779		3		253491	A
6780		6		12180	E
6780		6		111111	A
6781		4		12215	D
6781		4		46017	A
6781		4		175890	Z
6782		3		12180	R
6782		3		117595	Z
6783		1		273961	A
6784		5		134808	Z
6785		2		69884	E
6785		2		210786	H
6786		4		322868	A
6787		6		213589	A
6788		2		12225	R
6788		2		209001	D
6789		2		307690	A
6790		2		66845	R
6790		2		67327	D
6790		2		153053	Z
6791		3		58771	E
6791		3		59017	H
6791		3		143902	A
6792		5		192972	A
6793		1		323178	Z
6794		5		322525	Z
6795		2		96748	A
6796		4		137120	E
6796		4		206410	H
6797		7		336556	A
6798		4		77106	R
6798		4		87177	D
6799		3		139407	D
6799		3		201532	R
6800		2		80485	H
6800		2		90319	E
6801		8		545250	A
6802		1		334008	A
6803		1		224956	Z
6804		1		331742	A
6805		3		109301	Z
6806		3		36799	Z
6806		3		198643	A
6807		3		122487	A
6808		3		147130	A
6809		1		133175	Z
6810		5		123697	A
6811		7		79471	A
6811		7		103053	Z
6812		1		249084	A
6813		5		263952	Z
6814		4		263475	A
6815		2		6890	E
6815		2		6970	H
6815		2		6887	R
6815		2		7012	D
6815		2		26196	Z
6815		2		82540	A
6816		4		5923	H
6816		4		502440	A
6817		5		204992	A
6818		1		3749	H
6818		1		35293	A
6819		4		48990	D
6819		4		63459	R
6820		3		141820	Z
6821		5		94219	R
6821		5		147240	D
6822		4		52788	E
6822		4		66577	H
6823		7		206632	A
6824		4		81695	H
6824		4		159191	E
6825		5		445907	Z
6826		5		134964	Z
6827		6		193538	A
6828		6		125357	D
6829		1		12330	Z
6829		1		117813	A
6830		3		123582	A
6831		1		134081	A
6832		6		174166	Z
6833		4		296380	Z
6834		2		254723	A
6835		1		312834	A
6836		7		2499	D
6836		7		149337	Z
6837		3		2499	E
6837		3		2499	H
6837		3		276105	A
6838		4		120367	R
6839		2		94321	E
6839		2		32556	H
6840		3		348647	A
6841		1		119002	H
6841		1		63191	E
6842		4		239965	A
6843		3		35750	R
6843		3		147267	D
6844		1		176391	Z
6845		4		2392	H
6845		4		2534	R
6845		4		2416	D
6845		4		9845	Z
6845		4		60463	A
6846		2		158964	D
6847		2		141918	A
6848		4		137472	Z
6849		4		188025	A
6850		4		166671	R
6851		1		405106	A
6852		2		140265	H
6853		4		225974	A
6854		5		338823	Z
6855		3		35910	A
6856		3		170566	E
6857		5		80316	E
6857		5		81436	H
6858		5		4830	E
6858		5		4780	H
6858		5		4831	R
6858		5		4821	D
6858		5		19088	Z
6858		5		58169	A
6859		1		51151	D
6859		1		80628	R
6860		8		10788	R
6860		8		10897	D
6860		8		117763	Z
6861		5		4520	E
6861		5		4520	H
6861		5		139898	A
6862		1		169816	Z
6863		2		219995	A
6864		1		183022	A
6865		5		243010	A
6866		3		126	A
6866		3		119144	Z
6867		4		41812	A
6867		4		116578	Z
6868		1		305185	A
6869		1		304677	A
6870		6		100506	R
6870		6		130187	D
6871		3		366956	A
6872		3		73759	H
6872		3		137440	E
6873		1		271267	A
6874		4		303950	Z
6875		2		11690	E
6875		2		14954	H
6875		2		15305	R
6875		2		11277	D
6875		2		36919	Z
6875		2		97135	A
6876		2		164315	E
6877		1		165711	D
6878		6		140188	A
6879		1		201168	R
6880		4		4424	E
6880		4		4465	H
6880		4		4465	R
6880		4		4463	D
6880		4		120031	A
6881		3		188555	H
6882		7		494820	A
6883		1		339445	A
6884		1		438206	Z
6885		6		159096	Z
6886		4		128081	A
6887		5		245878	A
6888		1		300417	A
6889		2		190636	Z
6890		1		34444	Z
6890		1		56518	A
6891		6		72736	E
6891		6		78004	H
6892		5		189955	Z
6893		1		199521	A
6894		1		147933	A
6895		1		3153	E
6895		1		136816	A
6896		4		85139	R
6896		4		71435	D
6897		2		300510	Z
6898		2		237447	A
6899		5		240299	Z
6900		2		239866	A
6901		1		325332	A
6902		1		104009	Z
6903		2		104584	A
6903		2		4213	D
6903		2		4034	R
6903		2		4077	H
6903		2		3995	E
6903		2		16413	Z
6904		2		122697	H
6904		2		143465	E
6905		1		320795	A
6906		2		193771	R
6907		4		138788	D
6907		4		106626	R
6908		3		254061	Z
6909		4		198815	D
6910		3		128668	A
6911		5		148747	A
6912		1		621260	A
6913		2		424831	A
6914		9		152017	Z
6915		1		194408	H
6916		3		92466	A
6917		3		182651	E
6918		1		111574	Z
6919		2		476408	Z
6920		2		106573	A
6921		1		219749	H
6922		2		223052	R
6923		4		189066	E
6924		3		162040	D
6924		3		11685	R
6925		1		337036	A
6926		1		251784	Z
6927		3		172427	Z
6928		2		202526	A
6929		5		176186	R
6930		1		26880	A
6930		1		99525	Z
6931		1		137916	A
6932		1		142179	Z
6933		6		339497	A
6934		1		304450	A
6935		3		13867	R
6935		3		144669	Z
6935		3		13823	D
6936		5		13151	E
6936		5		12571	H
6936		5		187766	A
6937		6		272896	H
6938		2		75102	A
6939		5		258556	Z
6940		1		347080	A
6941		3		208017	R
6942		6		155996	A
6943		4		210538	E
6944		1		226547	D
6945		1		233639	A
6946		7		378975	Z
6947		2		232242	Z
6948		6		69893	E
6948		6		320674	A
6948		6		17562	H
6949		4		87305	Z
6950		1		288693	Z
6951		1		353806	A
6952		1		45711	E
6952		1		80645	H
6953		1		159266	R
6954		4		121192	A
6955		1		433070	A
6956		5		60425	D
6956		5		51232	R
6957		1		127392	Z
6958		5		213322	A
6959		3		155994	A
6960		5		13195	A
6960		5		189496	Z
6961		5		202211	A
6962		1		82814	E
6962		1		65819	H
6963		5		11507	D
6963		5		11307	R
6963		5		280142	Z
6964		3		15787	E
6964		3		64183	A
6964		3		15632	H
6965		2		194248	A
6966		1		21609	R
6966		1		125203	Z
6966		1		21749	D
6967		1		222637	A
6968		2		236699	D
6969		1		373432	A
6970		2		214767	R
6971		5		144277	A
6972		2		140221	A
6973		3		250483	E
6974		2		222758	H
6975		6		148143	Z
6976		1		372085	A
6977		6		135916	Z
6978		3		263112	A
6979		2		310356	Z
6980		1		339771	A
6981		1		258345	Z
6982		2		220162	A
6982		2		110081	Z
6983		4		148442	Z
6984		3		106036	H
6984		3		35990	E
6985		1		111594	A
6986		10		167628	Z
6987		2		233639	A
6988		2		251084	E
6989		1		275175	A
6990		5		76419	D
6990		5		70346	R
6991		2		126954	A
6992		3		134915	A
6993		2		143531	A
6994		2		30266	Z
6994		2		97937	A
6995		1		175845	A
6996		1		175354	A
6997		3		194592	Z
6998		3		248156	H
6999		3		368732	Z
7000		6		239992	D
7001		3		366861	A
7002		1		244810	R
7003		1		414442	A
7004		4		24036	Z
7004		4		6089	H
7004		4		6062	D
7004		4		5999	R
7004		4		105562	A
7004		4		14166	E
7005		1		432221	A
7006		6		411822	A
7007		4		308075	Z
7008		1		329590	Z
7009		5		124888	D
7010		4		63209	E
7010		4		58106	H
7011		2		435408	A
7012		6		218451	A
7013		2		153214	Z
7014		3		161925	D
7015		2		194683	H
7015		2		116283	E
7016		1		248883	A
7016		1		122218	Z
7017		1		436549	A
7018		1		377834	A
7019		4		130345	Z
7020		2		200704	A
7021		4		346856	A
7022		3		250426	Z
7023		2		122804	A
7024		2		383945	A
7025		2		114364	A
7026		1		62203	A
7027		7		156464	A
7028		5		330678	Z
7029		2		161925	D
7030		1		254617	R
7031		1		243822	A
7032		4		189771	A
7033		1		200163	Z
7034		1		199384	A
7035		1		118187	Z
7036		3		83450	Z
7037		2		231354	H
7038		1		53135	A
7039		2		187807	Z
7040		2		33638	E
7040		2		33853	H
7040		2		137984	A
7041		2		324496	A
7042		7		258344	E
7043		2		163407	A
7044		7		233890	H
7045		7		176006	D
7046		2		164166	A
7047		3		54985	A
7048		2		223379	A
7049		3		257855	Z
7050		6		168170	Z
7051		3		164326	R
7052		2		309640	A
7053		3		384962	A
7054		5		191679	D
7054		5		191679	R
7055		3		379078	Z
7056		6		393732	A
7057		1		365244	A
7057		1		4130	E
7058		1		120966	Z
7059		1		329886	A
7060		3		125515	R
7060		3		87523	D
7061		5		124833	H
7061		5		127894	E
7062		4		348416	Z
7063		3		118927	A
7063		3		6090	E
7064		6		215867	A
7065		6		135884	Z
7065		6		15345	A
7065		6		6090	D
7066		5		158237	A
7067		4		114611	Z
7067		4		6090	R
7068		1		118809	A
7069		1		151244	A
7069		1		70	E
7069		1		70	H
7070		4		151670	A
7071		1		70	R
7071		1		70	D
7071		1		167990	Z
7072		6		142443	A
7073		1		12677	H
7073		1		84632	A
7073		1		13467	E
7074		2		150155	Z
7074		2		12961	D
7074		2		12738	R
7075		2		267574	A
7076		4		112605	E
7077		4		219366	H
7077		4		178933	E
7078		2		129948	A
7079		3		170859	R
7079		3		217483	D
7080		2		149222	Z
7081		5		349971	A
7082		3		205453	E
7082		3		205453	H
7083		1		439912	A
7084		3		417182	Z
7085		2		116483	D
7086		6		114086	R
7087		2		257883	Z
7088		1		165841	A
7089		2		115899	H
7090		2		525983	A
7091		3		152736	A
7092		1		2460	H
7092		1		162339	A
7093		7		2436	R
7093		7		94518	Z
7094		2		2436	H
7094		2		63446	A
7094		2		91940	Z
7095		4		2436	E
7095		4		146550	A
7096		3		71860	R
7096		3		72039	D
7096		3		82125	Z
7097		6		216321	Z
7098		4		59319	H
7098		4		61666	E
7098		4		74152	A
7099		7		329599	A
7100		2		319232	A
7101		2		166414	Z
7102		2		26627	R
7102		2		27235	D
7102		2		27241	E
7102		2		50103	A
7102		2		26678	H
7103		3		392299	A
7104		7		166985	Z
7105		3		391787	A
7106		3		118966	R
7107		1		357873	E
7108		2		173502	H
7109		1		473329	Z
7110		3		274849	D
7111		1		439274	Z
7112		1		440459	A
7113		4		445907	D
7114		3		431903	A
7115		2		131765	A
7116		4		130537	A
7117		3		534565	A
7118		2		107213	Z
7119		3		126370	A
7120		3		540436	Z
7121		5		324291	A
7122		1		309819	R
7123		2		340240	A
7124		2		417514	Z
7125		2		245663	H
7126		4		102934	Z
7126		4		207594	A
7127		7		48139	Z
7127		7		157339	A
7128		2		115153	A
7129		1		115602	A
7130		1		264363	A
7131		3		525755	A
7132		4		499637	E
7133		4		497035	Z
7134		1		246115	A
7135		1		217731	Z
7136		1		223131	E
7137		2		333255	D
7138		2		427213	A
7139		2		89289	H
7140		1		358841	A
7141		2		353395	R
7142		1		313545	A
7143		5		133707	Z
7144		1		156695	A
7145		6		98838	Z
7146		2		143003	A
7147		1		123436	A
7149		4		132613	A
7150		3			R
7150		3		125782	Z
7150		3			D
7151		3		339899	A
7152		6		150684	R
7153		4		339517	A
7154		2		234173	Z
7155		3		490835	A
7156		3		351978	H
7157		1		232177	D
7158		1		491458	A
7160		2		468875	A
7161		3		497100	Z
7163		1			D
7163		1		492786	R
7164		1		552499	Z
7165		5		121022	A
7166		1		166771	Z
7167		4		120731	A
7168		1		162842	A
7169		5		184357	A
7170		4		141243	Z
7171		3			D
7171		3		110351	R
7172		4			E
7172		4		142276	H
7174		2		147067	A
7175		1		204488	A
7176		1		120355	A
7177		1		179326	A
7178		2		94405	H
7179		1		13370	H
7179		1		137157	E
7180		1		295981	A
7181		1		183740	Z
7182		5		156190	R
7183		1		127556	D
7184		3		207175	Z
7185		3		198399	A
7186		1		247825	A
7187		3		139005	A
7188		3		101722	D
7189		2		1322	H
7189		2		98977	E
7190		3		689	H
7190		3		689	D
7190		3		689	R
7190		3		90325	A
7190		3		689	E
7191		5		135263	Z
7192		3		734147	A
7193		3		732555	Z
7194		2		96230	R
7195		4		135584	A
7196		2		139975	Z
7197		4		143151	A
7198		3		461822	A
7199		2		124279	A
7200		8		444313	Z
7202		1		444313	H
7204		2		119138	R
7204		2		1470	D
7205		2		197723	A
7206		2		249278	A
7207		3		126245	A
7207		3		49298	Z
7208		2		204512	A
7209		5		18006	R
7209		5		83145	D
7210		5		1455	E
7210		5		90203	H
7211		2		148010	Z
7212		1		116303	E
7213		1		230612	A
7214		3		116028	A
7215		3		131361	A
7216		4		39633	Z
7216		4		248194	A
7217		6		4879	D
7217		6		118684	A
7217		6		4872	H
7217		6		4872	E
7217		6		4872	R
7218		5		208821	Z
7219		3		33050	A
7219		3		100979	E
7219		3		382	H
7220		1		308220	A
7221		1		746530	A
7222		4		642945	Z
7223		2		194569	R
7223		2		207650	D
7224		1		593069	A
7225		2		151405	Z
7226		1		395914	A
7227		1		401058	A
7228		6		242303	A
7229		1		307552	A
7230		2		281539	A
7231		1		185694	Z
7232		1		6142	D
7232		1		31887	A
7232		1		122594	H
7233		1		232944	A
7234		1		6142	R
7234		1		24432	A
7234		1		161304	E
7235		1		63472	A
7235		1		292918	D
7236		2		563312	Z
7237		1		602523	A
7238		4		234812	Z
7238		4		73015	A
7239		1		882989	A
7240		3		768254	R
7241		2		160246	A
7241		2		1889	Z
7242		4		161188	Z
7243		3		166139	A
7244		1		143088	A
7244		1		442	R
7244		1		442	E
7244		1		442	H
7244		1		382	D
7244		1		834	Z
7245		2		81703	A
7246		1		219841	A
7247		1		228140	A
7248		6		180555	D
7249		1		437077	A
7250		3		255551	A
7251		2		239891	A
7251		2		101465	Z
7252		1		301396	Z
7253		3		30579	H
7253		3		80021	E
7254		1		347952	Z
7255		4		453685	A
7256		2		151556	R
7256		2		79588	D
7258		2		131890	A
7259		5		1331	A
7259		5		171587	Z
7260		4		84384	H
7260		4		123679	E
7261		1		610498	A
7262		1		222885	H
7262		1		394749	E
7263		2		4872	H
7263		2		4872	E
7263		2		4872	D
7263		2		4872	R
7263		2		25640	Z
7263		2		50004	A
7264		1		46265	E
7264		1		729843	A
7265		4		149900	A
7265		4		649717	E
7266		3		166459	A
7267		3		172904	Z
7268		2		204181	A
7269		2		317330	H
7269		2		15300	A
7269		2		2887	E
7270		1		206994	A
7271		2		212938	H
7272		1		172519	D
7273		2		151573	R
7274		3		212281	Z
7275		2		124010	E
7276		4		206623	A
7277		1		417198	A
7278		1		394592	Z
7279		2		543207	A
7280		1		579392	Z
7281		1		394049	R
7281		1			D
7282		3		207608	A
7283		5		218961	A
7284		1		172517	A
7285		3		241232	Z
7286		2		828613	Z
7287		1		858153	A
7288		2		774309	A
7289		2		528497	A
7290		4		409517	Z
7291		2		534637	A
7292		1		831257	D
7292		1		61266	A
7292		1		25910	Z
7293		5		157785	A
7294		2		81749	Z
7295		1		339086	H
7296		4		313491	A
7297		1		141215	D
7297		1		36180	R
7298		1		326942	A
7299		1		227134	Z
7300		1		68698	H
7300		1		170000	E
7300		1		7860	A
7301		2		706654	A
7302		1		569112	A
7303		3		197457	A
7304		1		252718	A
7304		1		3003	Z
7305		1		17256	A
7305		1		229560	Z
7306		3		621167	Z
7307		2		794686	H
7307		2		254113	E
7308		2		1079964	A
7309		1		189847	A
7309		1		94743	Z
7310		1		360705	Z
7310		1		448682	R
7311		2		506797	A
7312		2		4359	R
7312		2		4381	D
7312		2		491572	Z
7313		1		1129	A
7313		1		39272	H
7313		1		152693	E
7314		3		152122	R
7315		1		12444	A
7316		2		154379	A
7317		1		428961	A
7317		1		3672	D
7318		1		130736	H
7319		2		218537	D
7319		2		204	R
7320		2		328011	A
7321		5		171786	Z
7322		4		8568	D
7322		4		132652	H
7322		4		438	E
7322		4		77630	A
7323		2		515	D
7323		2		515	R
7323		2		45	H
7323		2		4139	A
7323		2		194178	E
7323		2		607	Z
7324		1		256247	R
7326		3		170211	A
7327		2		168780	Z
7327		2		18327	A
7328		3		2579	Z
7328		3		169632	A
7329		1		775154	A
7330		3		436510	A
7331		2		559606	Z
7331		2		12240	R
7332		1		313402	E
7332		1		17944	D
7332		1		17944	R
7333		1		276761	A
7333		1		138652	Z
7334		2		749010	A
7335		4		687511	Z
7336		3		111718	Z
7336		3		209314	A
7337		3		341386	H
7337		3		895	A
7337		3		57104	E
7338		2		184953	D
7339		2		204578	R
7340		2		213160	E
7341		1		348987	A
7342		3		267954	A
7343		1		5100	E
7343		1		232845	H
7344		1		273029	A
7345		2		287653	Z
7346		2		213566	A
7347		5		713811	A
7348		3		629675	A
7349		1		723277	Z
7350		1		84070	A
7350		1		197387	Z
7351		4		309697	A
7352		2		732297	D
7353		3		311038	E
7354		1		295163	D
7354		1		17269	R
7355		1		337618	A
7356		3		113414	A
7356		3		193349	Z
7357		4		286850	A
7357		4		6623	Z
7358		2		405722	Z
7359		1		890031	H
7361		1		945305	R
7362		6		516	H
7362		6		516	E
7362		6		516	D
7362		6		516	R
7362		6		916	A
7362		6		189474	Z
7363		2		46092	A
7364		2		45794	Z
7365		1		43387	E
7366		2		632129	A
7367		2		223316	H
7368		3		287494	A
7369		4		933170	A
7370		2		655	A
7371		1		714936	Z
7372		3		713137	E
7373		2		477967	A
7374		1		262428	A
7375		4		240711	Z
7376		1		71029	H
7377		1		158368	R
7378		4		355542	D
7379		3		201159	D
7380		3		435482	Z
7381		1		1046583	A
7382		3		172240	Z
7383		1		104543	A
7384		3		153223	Z
7385		3		174612	H
7386		2		226201	A
7387		2		193699	D
7388		2		310125	E
7389		2		837333	Z
7390		1		556101	A
7391		1		580141	Z
7392		1		496450	A
7393		2		110295	R
7394		1		306938	A
7395		2		907502	Z
7396		3		817246	A
7397		4		544122	A
7398		2		675055	A
7399		2		192561	E
7400		1		416	E
7400		1		311652	H
7401		4		21471	D
7401		4		343396	R
7402		3		792371	Z
7403		1		840235	D
7404		3		141266	A
7404		3		69077	Z
7525		4			Z
7525		4		383484	A
7526		5		366717	A
7527		4		133011	A
7528		2		162198	H
7529		1		228318	Z
7530		5		240961	R
7531		3		315319	A
7532		4		125926	H
7533		3		220737	D
7534		3		266252	A
7535		4		223641	D
7536		4		267353	A
7537		3		129833	E
7538		4		111670	Z
7539		3		243538	R
7540		2		169978	Z
7541		1		442040	E
7542		4		444254	A
7543		1		12191	E
7543		1		12191	H
7543		1		12191	R
7543		1		12195	D
7543		1		158242	A
7544		3		207276	A
7545		1		472757	A
7546		2		521438	A
7547		2		578255	Z
7548		3		439654	A
7548		3		424	R
7548		3		424	D
7548		3		424	H
7548		3		424	E
7549		2		320429	Z
7550		1		738961	A
7551		4		292170	Z
7552		2		339674	A
7553		2		138919	A
7554		6		134640	R
7555		1		237887	A
7556		1		225550	R
7557		4		130476	E
7558		3		155778	H
7559		3		204367	Z
7560		1		267823	Z
7561		3		210617	A
7562		2		194674	Z
7563		3		193344	A
7564		2		150513	H
7565		4		196593	A
7566		4		151811	E
7567		6		120961	A
7568		1		2	D
7568		1		243817	A
7569		2		242707	Z
7570		4		728035	A
7571		2		795519	Z
7572		2		426	D
7572		2		426	R
7572		2		323438	A
7573		2		249607	Z
7574		5		220450	E
7574		5		426	H
7575		3		9143	E
7575		3		9143	H
7575		3		9143	R
7575		3		277818	A
7575		3		9143	D
7576		3		300433	A
7577		1		641542	A
7578		1		637033	Z
7579		2		632338	A
7580		2		651375	A
7582		2		366523	A
7583		4		175328	R
7584		2		190319	Z
7585		5		108097	D
7586		2		144314	E
7587		2		184261	Z
7588		5		261595	A
7589		1		160116	H
7590		3		249424	A
7591		2		296123	Z
7592		2		498086	Z
7593		4		254752	A
7594		1		590960	A
7595		1		608862	A
7596		2		603453	A
7597		1		578796	D
7598		2		649808	A
7599		3		352311	A
7600		3		254305	H
7601		3		238460	E
7602		1		368422	A
7603		2		361190	A
7604		3		150000	R
7605		4		184419	R
7606		5		226319	R
7607		3		194697	D
7608		4		171962	D
7608		4		5809	R
7609		4		380954	A
7610		2		372511	A
7611		2		386249	A
7612		1		179500	H
7613		3		114493	H
7613		3		19238	A
7614		3		239039	Z
7615		4		140593	E
7616		3		282060	Z
7617		1		277424	Z
7618		3		486652	A
7619		1		757525	Z
7620		1		767411	A
7621		2		470448	A
7622		3		444358	Z
7623		5		475617	A
7624		4		437276	A
7624		4		409	R
7624		4		409	D
7624		4		409	E
7624		4		409	H
7625		4		311644	A
7626		3		384516	A
7627		3		461309	Z
7628		1		319912	Z
7629		1		104300	A
7630		6		26319	H
7630		6		109540	E
7631		2		122445	R
7632		7		104094	D
7633		4		186574	A
7634		4		115962	H
7635		4		227301	A
7636		5		215612	Z
7637		3		195885	Z
7638		4		341559	A
7639		1		829253	A
7640		3		826146	A
7641		3		813388	Z
7642		3		5693	A
7643		3		824318	Z
7644		4		418201	Z
7645		3		489211	A
7645		3		239	E
7645		3		239	H
7645		3		239	D
7645		3		239	R
7646		3		398204	A
7647		2		528368	Z
7647		2		88731	A
7648		1		37	R
7648		1		73	Z
7648		1		317	D
7648		1		4819	A
7648		1		59295	E
7648		1		37	H
7649		5		196204	E
7650		2		199654	D
7651		2		297273	A
7652		5		201906	Z
7653		2		313556	A
7654		1		287423	Z
7655		3		269585	R
7656		4		253836	H
7657		3		513267	A
7657		3		421844	E
7658		2		348686	A
7659		1		798445	A
7660		6		794571	A
7661		1		812068	Z
7662		3		499431	Z
7662		3		445892	D
7663		3		277363	Z
7664		2		240	R
7664		2		240	E
7664		2		240	H
7664		2		380765	A
7664		2		240	D
7665		3		333025	A
7666		4		342563	Z
7666		4		20316	A
7667		1		1443	Z
7667		1		53049	H
7667		1		61	E
7668		3		225753	E
7669		1		330262	A
7670		6		136896	D
7671		2		281442	Z
7672		5		270479	A
7673		2		336726	A
7674		4		234235	Z
7675		4		178414	D
7676		4		216611	R
7677		2		223805	H
7678		3		914642	Z
7679		3		810374	A
7680		5		350405	A
7681		2		869433	A
7682		1		901924	A
7683		4		88531	Z
7684		1		707978	D
7685		1		558407	R
7686		5		253983	E
7686		5		1055	A
7686		5		553873	H
7687		6		296593	Z
7688		4		302944	A
7688		4		355	R
7688		4		355	D
7688		4		355	H
7688		4		355	E
7689		5		365662	Z
7690		5		379491	A
7691		1		93779	R
7692		5		174553	H
7693		6		165154	E
7694		3		179793	R
7695		3		169622	D
7696		4		312027	A
7697		3		348717	A
7698		4		263356	Z
7699		3		323010	A
7700		2		276725	Z
7701		4		903750	Z
7702		4		905320	A
7703		3		334326	A
7704		4		349686	Z
7705		4		242492	Z
7706		2		250289	A
7706		2		365	R
7706		2		365	D
7706		2		365	H
7706		2		365	E
7707		3		895319	A
7708		1		896349	A
7709		1		928301	Z
7710		1		721078	R
7711		3		384714	R
7711		3		420265	D
7712		4		421582	H
7712		4		383866	E
7713		2		417025	A
7713		2		111980	Z
7714		2		477566	A
7715		2		108420	A
7716		1		462489	E
7717		2		271051	A
7718		1		125928	R
7719		6		128057	H
7720		4		245448	A
7721		1		148285	D
7722		4		256202	Z
7723		2		347688	A
7724		4		836616	A
7725		2		333283	A
7726		1		788179	Z
7727		1		846092	Z
7728		1		845046	A
7729		1		333656	H
7729		1		333656	E
7730		3		872051	A
7731		2		381393	A
7731		2		360	D
7731		2		360	H
7731		2		360	E
7731		2		360	R
7732		1		312500	E
7733		5		208400	D
7733		5		416600	R
7734		6		279590	Z
7734		6		12191	D
7735		5		380057	Z
7736		4		380201	A
7736		4		12191	H
7736		4		12191	E
7737		2		346899	A
7738		2		60489	A
7739		2		241704	H
7740		2		379686	A
7741		4		535737	Z
7742		3		232321	R
7743		6		289418	A
7744		1		236890	D
7745		4		316630	E
7746		1		367771	A
7747		1		35527	H
7747		1		355279	A
7748		2		797456	A
7749		3		335020	A
7750		5		337525	A
7751		1		778953	A
7752		2		819671	A
7754		1		331871	H
7754		1		332321	E
7755		1		274029	H
7755		1		609426	E
7756		3		147262	A
7756		3		360	R
7756		3		360	D
7756		3		360	E
7756		3		360	H
7757		4		601975	R
7757		4		286322	D
7758		2		131763	Z
7759		4		378115	Z
7759		4		61573	A
7760		4		446849	A
7760		4		12191	H
7760		4		12191	E
7761		3		398186	R
7761		3		12191	D
7762		4		88752	A
7763		5		158972	R
7764		2		163201	H
7765		5		161368	Z
7766		2		304692	Z
7767		1		132776	A
7768		1		186092	E
7769		4		157163	D
7770		1		238038	A
7771		1		202038	A
7772		2		216496	A
7773		1		246336	A
7774		2		142890	A
7775		4		337984	A
7776		2		287698	Z
7777		5		814041	A
7778		4		497140	Z
7779		2		677504	A
7780		1		686177	Z
7781		1		567136	D
7782		1		778861	A
7783		2		92900	D
7783		2		68976	R
7783		2		298	Z
7784		3		95318	E
7784		3		69874	H
7785		3		275826	A
7786		1		367017	H
7787		1		297652	E
7787		1		306629	D
7787		1		367033	R
7788		3		289366	A
7788		3		48537	Z
7789		3		48185	Z
7789		3		286828	A
7790		1		83872	A
7791		2		154461	D
7792		3		202264	A
7793		3		216414	A
7794		1		201251	Z
7795		2		198582	A
7796		3		171640	A
7797		3		174590	A
7798		5		218614	Z
7799		5		130763	H
7800		6		149186	R
7801		4		346074	A
7802		1		638006	A
7803		1		660065	A
7804		1		666327	Z
7805		1		471327	R
7806		2		134795	E
7807		1		123088	H
7807		1		86211	E
7808		5		227852	A
7808		5		300	R
7808		5		300	D
7808		5		300	Z
7809		1		217172	A
7810		2		616458	E
7811		1		607075	H
7812		3		765006	A
7813		5		260643	A
7814		3		235929	Z
7814		3		33856	A
7815		3		74510	A
7816		3		157075	E
7817		5		163627	A
7818		3		164164	A
7819		2		156727	D
7820		4		220767	A
7821		1		231742	A
7822		3		192440	Z
7823		4		186092	Z
7824		4		154317	H
7825		5		159059	R
7826		2		210874	A
7827		2		154549	A
7828		2		687198	A
7829		1		636118	Z
7830		1		478377	H
7831		1		638646	A
7832		2		649086	A
7833		3		161267	R
7834		4		170867	A
7835		4		189914	A
7836		5		625655	D
7837		2		625554	Z
7838		4		182274	Z
7838		4		29639	A
7839		3		214422	A
7840		2		84072	A
7843		3		551297	A
7843		3		253060	Z
7844		4		248271	A
7845		1		134124	D
7845		1		123195	E
7846		4		124491	A
7847		2		138875	A
7848		4		106674	A
7849		5		99841	R
7850		5		118484	A
7851		2		109456	A
7852		4		158922	Z
7853		1		144108	Z
7854		3		142096	A
7855		3		102239	E
7856		4		688233	A
7857		1		491010	E
7858		2		633709	A
7859		2		622905	Z
7860		2		674509	A
7861		2		311572	E
7861		2		353794	H
7862		4		240577	Z
7862		4		169639	A
7863		5		100653	H
7864		2		104035	A
7866		1		240640	Z
7866		1		538559	A
7867		3		179396	E
7868		1		223550	A
7869		2		165804	D
7870		2		221420	A
7871		3		174884	Z
7872		1		175177	A
7873		2		176576	H
7874		5		182854	A
7875		4		228857	A
7876		2		22236	A
7876		2		626769	Z
7877		1		24808	A
7877		1		313232	D
7878		4		181116	Z
7879		4		121183	R
7880		2		15294	D
7880		2		608316	A
7881		2		22974	Z
7881		2		631065	A
7882		2		808798	A
7883		5		113745	A
7884		1		73394	R
7885		4		211357	Z
7885		4		2260	A
7886		3		276737	A
7887		2		144108	Z
7888		3		70099	A
7890		4		551297	A
7890		4		253060	Z
7891		5		495756	A
7891		5		218448	Z
7892		1		114446	D
7893		4		132528	H
7894		1		138091	R
7895		4		136951	E
7896		3		142826	Z
7897		1		119279	A
7898		3		153199	A
7899		2		272105	A
7900		5		274114	A
7901		1		155416	A
7902		5		148747	A
7903		2		121629	Z
7904		2		448920	R
7905		1		618841	A
7906		1		634080	Z
7907		1		587347	A
7908		1		88712	A
7909		2		41015	H
7909		2		45120	E
7910		4		825385	A
7912		3		41630	A
7912		3		240136	Z
7913		3		258862	A
7914		2		83334	A
7916		5		260207	Z
7916		5		581890	A
7917		4		266820	A
7918		3		156732	D
7919		5		151551	Z
7920		1		168946	H
7921		1		167144	R
7922		2		161177	A
7923		1		160803	Z
7924		3		166605	A
7925		2		162607	A
7926		2		175448	A
7927		1		163470	E
7928		1		481500	H
7929		1		581994	Z
7930		3		622947	A
7931		1		571295	A
7932		2		809328	A
7933		2		4874	A
7933		2		429647	E
7933		2		375953	H
7934		2		99731	A
7935		4		101754	Z
7936		3		320755	A
7937		5		304118	A
7937		5		304118	Z
7939		2		81538	A
7941		3		529593	A
7941		3		237318	Z
7942		1		444196	E
7943		1		577632	A
7944		5		113629	E
7945		4		149671	A
7946		5		159702	Z
7947		4		181226	A
7949		5		117612	R
7950		1		116333	H
7951		4		118479	D
7952		1		186150	Z
7953		4		151559	A
7954		6		171508	A
7955		5		293773	A
7956		2		644352	Z
7957		1		597349	A
7958		2		964416	A
7959		3		966193	Z
7960		1		102140	A
7961		2		107413	Z
7962		4		295665	Z
7965		2		50610	A
7967		3		254394	Z
7967		3		563417	A
7968		3		119377	R
7969		3		118038	Z
7970		4		141934	A
7971		5		124291	H
7972		1		168906	A
7973		3		141517	Z
7974		1		194701	A
7975		5		114856	D
7976		1		131223	A
7977		3		99919	E
7978		5		216992	A
7979		1		945403	A
7980		1		496133	D
7981		1		646005	A
7982		2		664618	A
7983		1		634098	Z
7984		2		25650	A
7984		2		425233	E
7984		2		494044	H
7985		4		878191	R
7986		1		143628	Z
7987		2		199902	A
7988		1		95728	H
7989		2		25006	Z
7989		2		273689	A
7990		3		4962	A
7990		3		278029	Z
7992		1		292955	Z
7992		1		577293	A
7993		2		105024	D
7994		4		161970	Z
7995		1		107258	R
7996		3		125182	A
7997		2		171482	A
7998		4		160125	A
7999		1		144698	Z
8000		2		106471	H
8001		3		123195	E
8002		3		134652	Z
8003		2		910811	Z
8003		2		34006	A
8004		2		310827	A
8005		3		953063	A
8006		1		105664	A
8007		1		729019	A
8008		1		733638	A
8009		2		480091	E
8009		2		426810	H
8009		2		48023	A
8010		1		523827	R
8011		5		54105	Z
8011		5		267484	A
8012		1		717079	Z
8013		5		309415	Z
8014		1		1567	Z
8014		1		725	E
8014		1		190539	A
8015		1		119894	D
8017		2		514364	A
8017		2		254509	Z
8018		1		155993	A
8019		2		109089	E
8020		2		173798	A
8021		5		107658	D
8022		5		110556	R
8023		1		155085	Z
8024		1		97262	H
8025		3		153525	A
8026		5		137983	Z
8027		2		307250	A
8028		5		1002938	A
8029		3		445433	D
8029		3		15664	A
8029		3		501952	R
8030		1		763868	A
8031		1		754314	Z
8032		5		1500	A
8032		5		476945	H
8032		5		547113	E
8033		2		571242	H
8034		1		745266	A
8037		3		137531	A
8038		2		141217	Z
8039		3		350000	Z
8040		2		438164	A
8041		2		514396	A
8041		2		239884	Z
8042		1		82621	D
8042		1		46193	R
8043		3		151111	A
8044		2		61378	E
8044		2		46167	H
8045		2		150971	A
8046		1		159315	Z
8047		4		505223	R
8047		4		430528	Z
8048		4		950417	A
8049		2		652164	Z
8050		1		692863	A
8051		4		344476	A
8052		1		508582	E
8053		3		687992	A
8054		3		935970	Z
8055		1		98706	Z
8056		2		160397	A
8057		6		313946	Z
8058		2		329334	A
8061		2		266985	Z
8061		2		560537	A
8062		5		70237	E
8062		5		41558	H
8063		2		153524	A
8064		1		169465	A
8065		5		167291	Z
8066		6		85179	D
8066		6		40755	R
8067		3		141019	Z
8068		6		299917	A
8069		2		861935	A
8070		4		392637	E
8070		4		452346	H
8071		4		657355	Z
8072		3		516911	D
8073		1		643543	A
8074		1		658673	A
8075		2		130	A
8075		2		353265	D
8075		2		427490	R
8076		3		352115	Z
8077		2		44139	D
8077		2		51985	R
8078		3		133785	A
8081		2		391951	A
8087		1		165783	A
8088		1		259981	A
8089		1		20994	A
8091		1		196750	Z
8092		1		66309	D
8092		1		45351	R
8093		3		163875	A
8094		1		87787	A
8095		6		70459	E
8095		6		48225	H
8096		2		121227	A
8099		1		657354	A
8101		3		658673	Z
8102		6		209388	Z
8103		1		124714	A
8104		4		105911	E
8105		4		107093	H
8106		3		115622	Z
8107		1		145218	A
8108		3		305136	A
8110		1		47463	D
8110		1		49845	R
8111		1		61284	Z
8112		1		65019	A
8113		1		97071	H
8114		1		35834	E
8115		1		96030	R
8116		1		81152	H
8117		1		89220	D
8118		1		85901	R
8119		1		70048	E
8120		3		112067	E
8121		7		139370	A
8122		1		116034	D
8123		1		48062	D
8124		1		129245	A
8126		1		87846	A
8127		2		122320	Z
8128		2		115142	H
8130		1		777036	Z
8131		1		2218	A
8131		1		103178	H
8132		3		97427	R
8132		3		632	A
8132		3		1221	Z
8133		1		777036	Z
8134		1		777036	Z
8135		1		602551	A
8135		1		291443	E
8136		1		802928	A
8137		1		68208	E
8138		1		793801	H
8139		1		277883	A
8140		3		276614	Z
8141		1		108790	R
8144		1		114305	R
8145		1		119644	A
8146		1		93914	R
8147		1		116922	H
8148		2		119799	H
8149		1		87847	H
8150		1		69482	Z
8151		1		20672	A
8152		1		28024	R
8152		1		41058	D
8153		1		61158	D
8153		1		81506	R
8154		1		47169	A
8155		1		120302	A
8157		1		186186	A
8158		1		680504	A
8159		1		120466	A
8160		1		330	H
8160		1		72550	E
8161		1		826236	Z
8162		1		400644	A
8163		1		386187	R
8163		1		455079	D
8164		2		858939	A
8165		1		711291	E
8166		2		275734	A
8167		2		25342	Z
8168		2		79841	Z
8169		1		89974	A
8170		1		94580	A
8171		1		59231	Z
8172		1		64818	Z
8173		1		66234	H
8174		1		123771	H
8175		2		134783	Z
8188		2		886861	Z
8189		1		897725	A
8190		1		62169	A
8191		3		304380	Z
8192		2		317609	A
8194		2		94391	Z
8195		1		107276	A
8196		2		63189	A
8197		2		76851	A
8198		2		48266	Z
8199		2		133229	A
8200		2		123829	Z
8202		2		1748	A
8202		2		76773	H
8203		2		88955	Z
8204		1		133332	A
8205		2		346758	A
8206		1		65616	Z
8206		1		65616	A
8207		1		254877	A
8208		1		108435	R
8208		1		311	A
8209		3		254877	A
8210		1		69951	D
8211		1		1008278	R
8212		1		1067519	A
8213		1		405297	A
8216		3		266032	Z
8217		2		884506	Z
8218		1		1008000	A
8219		2		830809	A
8220		1		93142	A
8222		1		128701	A
8223		2		173692	E
8224		1		254876	A
8228		1		191943	A
8229		2		83880	H
8230		1		162745	Z
8231		2		58060	D
8231		2		88680	R
8232		2		92989	A
8234		2		139004	A
8235		1		110978	D
8236		1		138148	Z
8237		1		125897	A
8238		1		222	D
8238		1		103800	R
8239		1		85897	E
8239		1		1873	H
8240		1		155952	A
8241		1		990961	A
8242		1		1045376	Z
8243		1		280885	A
8244		1		1000461	A
8245		1		997218	H
8246		1		148819	A
8246		1		108567	D
8247		1		9640	A
8248		1		166128	Z
8249		1		200976	Z
8250		2		120593	A
8251		2		87103	E
8253		1		119694	A
8254		3		108538	E
8255		2		118029	D
8256		2		2303	A
8256		2		161522	Z
8257		1		1370	A
8258		1		2511	Z
8259		1		75459	A
8260		1		75162	R
8261		2		72226	D
8262		2		114862	A
8263		1		68402	A
8264		1		45639	A
8265		1		76391	Z
8268		1		58465	H
8269		2		76750	E
8270		1		114626	Z
8271		2		2124	D
8271		2		2124	E
8271		2		2266	H
8271		2		2267	R
8271		2		7079	Z
8271		2		83663	A
8272		1		2390	R
8287		3		236077	Z
8289		1		1248	H
8290		1		1248	H
8290		1		140227	A
8291		3		100954	A
8292		1		56724	A
8293		2		113493	D
8294		1		105968	H
8295		2		141703	Z
8296		3		146133	Z
8297		1		228423	A
8298		1		142195	Z
8300		2		9189	A
8301		1		628	Z
8301		1		134267	R
8302		1		164435	A
8303		2		112641	E
8303		2		1087	H
8304		3		88076	A
8306		2		515	R
8306		2		144452	A
8307		2		428	D
8307		2		308892	A
8308		2		241684	A
8309		1		240504	Z
8310		2		7121	Z
8313		1		95528	Z
8314		1		120743	A
8315		3		109783	A
8316		2		7890	R
8317		2		107331	A
8319		2		96548	A
8320		2		79382	A
8321		1		134499	Z
8322		4		129221	A
8323		3		153204	A
8324		1		8849	A
8325		3		74441	Z
8326		1		81217	R
8327		2		81582	D
8328		2		69494	R
8329		2		112921	A
8330		2		739545	A
8331		2		789590	Z
8332		2		111728	A
8333		2		6222	A
8334		3		85864	R
8335		2		189317	A
8337		2		228507	A
8338		2		107625	A
8339		3		248209	Z
8341		2		152856	H
8342		1		181647	E
8343		1		84541	A
8344		1		152421	A
8345		1		113163	H
8346		1		133393	A
8347		1		115076	D
8348		2		187030	A
8349		1		138049	Z
8350		1		156338	A
8351		2		133731	E
8352		1		686906	H
8353		2		880794	Z
8354		2		80993	R
8354		2		55288	D
8355		3		677410	Z
8356		1		330617	A
8357		2		203086	A
8358		1		195785	Z
8359		1		112132	Z
8363		1		135474	R
8364		3		94894	A
8367		3		10379	D
8371		3		39482	E
8371		3		30122	H
8383		1		139517	A
8384		1			E
8384		1		110574	H
8385		4		61361	Z
8386		2		81527	Z
8387		1		105616	A
8388		2		124126	E
8389		2		108272	A
8390		3		91988	Z
8391		3		7226	Z
8392		1		550442	D
8393		1		698006	A
8394		1		716139	Z
8395		2		714079	A
8396		3		457491	A
8397		1		365373	Z
8399		1		50232	Z
8400		1		85711	A
8401		1		106435	A
